Division,Sales,Gross Profit,Cost,Gross Margin %
Chocolate,131692.9,88824.62,42868.28,67.45816245441226
Other,9663.25,4333.45,5329.8,37.67245657568238
Sugar,427.48,284.73,142.75,57.68900055834729
